category	country	value	filename	url
phones	India 12	29	480x480-f7bacad5-5263-418d-bfa1-55cb9ed9752f	https://static.dollarstreet.org/media/India 12/image/f7bacad5-5263-418d-bfa1-55cb9ed9752f/480x480-f7bacad5-5263-418d-bfa1-55cb9ed9752f.jpg
phones	Vietnam 2	236	480x480-773c7d63-a988-4c6c-a1c7-79713a22ff12	https://static.dollarstreet.org/media/Vietnam 2/image/773c7d63-a988-4c6c-a1c7-79713a22ff12/480x480-773c7d63-a988-4c6c-a1c7-79713a22ff12.jpg
phones	Egypt 1	775	480x480-8dc70c73-62ac-4869-8384-da881fe1c7ff	https://static.dollarstreet.org/media/Egypt 1/image/8dc70c73-62ac-4869-8384-da881fe1c7ff/480x480-8dc70c73-62ac-4869-8384-da881fe1c7ff.jpg
phones	Ukraine 2	10090	480x480-1a32239b-8db6-4b04-8c94-8ab1267aee7d	https://static.dollarstreet.org/media/Ukraine 2/image/1a32239b-8db6-4b04-8c94-8ab1267aee7d/480x480-1a32239b-8db6-4b04-8c94-8ab1267aee7d.jpg
phones	Zimbabwe 4	34	480x480-e054724f-395e-4c42-8225-52e91e39f442	https://static.dollarstreet.org/media/Zimbabwe 4/image/e054724f-395e-4c42-8225-52e91e39f442/480x480-e054724f-395e-4c42-8225-52e91e39f442.jpg
phones	Cameroon 3`	227	480x480-7bfa9c24-2b46-4575-b698-160efff9073b	https://static.dollarstreet.org/media/Cameroon 3`/image/7bfa9c24-2b46-4575-b698-160efff9073b/480x480-7bfa9c24-2b46-4575-b698-160efff9073b.jpg
phones	India 23	753	480x480-44d28891-06e2-4f23-a3c9-2220ea31e3f6	https://static.dollarstreet.org/media/India 23/image/44d28891-06e2-4f23-a3c9-2220ea31e3f6/480x480-44d28891-06e2-4f23-a3c9-2220ea31e3f6.jpg
phones	Jordan 4	7433	480x480-05b96580-a76c-4b8f-b88c-2ec5e82aeaaa	https://static.dollarstreet.org/media/Jordan 4/image/05b96580-a76c-4b8f-b88c-2ec5e82aeaaa/480x480-05b96580-a76c-4b8f-b88c-2ec5e82aeaaa.jpg
phones	Haiti 4	43	480x480-e0cb991e-36d9-477b-a72a-215e86f46296	https://static.dollarstreet.org/media/Haiti 4/image/e0cb991e-36d9-477b-a72a-215e86f46296/480x480-e0cb991e-36d9-477b-a72a-215e86f46296.jpg
phones	Jordan 3	249	480x480-63325763-c6cc-41ab-bc1d-dcd19f25a3da	https://static.dollarstreet.org/media/Jordan 3/image/63325763-c6cc-41ab-bc1d-dcd19f25a3da/480x480-63325763-c6cc-41ab-bc1d-dcd19f25a3da.jpg
phones	Romania 2	722	480x480-625a0d5d-69a4-46bb-a756-ff44bde2bdfb	https://static.dollarstreet.org/media/Romania 2/image/625a0d5d-69a4-46bb-a756-ff44bde2bdfb/480x480-625a0d5d-69a4-46bb-a756-ff44bde2bdfb.jpg
phones	Mexico 1	6342	480x480-4624d580-1dfb-427e-b5c7-f50a8a087b07	https://static.dollarstreet.org/media/Mexico 1/image/4624d580-1dfb-427e-b5c7-f50a8a087b07/480x480-4624d580-1dfb-427e-b5c7-f50a8a087b07.jpg
phones	Burkina Faso 6	45	480x480-72e7e7d8-afe3-414a-9695-99ec6774a110	https://static.dollarstreet.org/media/Burkina Faso 6/image/72e7e7d8-afe3-414a-9695-99ec6774a110/480x480-72e7e7d8-afe3-414a-9695-99ec6774a110.jpg
phones	Rwanda 2	251	480x480-4cca9ee5-b1ab-48e6-9c09-b423d6114cdd	https://static.dollarstreet.org/media/Rwanda 2/image/4cca9ee5-b1ab-48e6-9c09-b423d6114cdd/480x480-4cca9ee5-b1ab-48e6-9c09-b423d6114cdd.jpg
phones	Kyrgizstan 1	827	480x480-7f50bdb3-5c21-48d6-8a38-2e4d0513d6cc	https://static.dollarstreet.org/media/Kyrgizstan 1/image/7f50bdb3-5c21-48d6-8a38-2e4d0513d6cc/480x480-7f50bdb3-5c21-48d6-8a38-2e4d0513d6cc.jpg
phones	Sweden 6	4883	480x480-b608418c-e03e-419f-b287-757553886c49	https://static.dollarstreet.org/media/Sweden 6/image/b608418c-e03e-419f-b287-757553886c49/480x480-b608418c-e03e-419f-b287-757553886c49.jpg
phones	India 13	48	480x480-a6527ea1-2be2-466f-a83e-c672ae5160a5	https://static.dollarstreet.org/media/India 13/image/a6527ea1-2be2-466f-a83e-c672ae5160a5/480x480-a6527ea1-2be2-466f-a83e-c672ae5160a5.jpg
phones	India 14	221	480x480-a5e4e5cb-00e0-4537-bb60-9c9e00893c93	https://static.dollarstreet.org/media/India 14/image/a5e4e5cb-00e0-4537-bb60-9c9e00893c93/480x480-a5e4e5cb-00e0-4537-bb60-9c9e00893c93.jpg
phones	Ukraine 1	694	480x480-8e1a0cb0-5ea0-4491-8935-39727357cd4c	https://static.dollarstreet.org/media/Ukraine 1/image/8e1a0cb0-5ea0-4491-8935-39727357cd4c/480x480-8e1a0cb0-5ea0-4491-8935-39727357cd4c.jpg
phones	China 26	4734	480x480-8118a4a0-7e18-4642-a79c-31e6f9ecbe64	https://static.dollarstreet.org/media/China 26/image/8118a4a0-7e18-4642-a79c-31e6f9ecbe64/480x480-8118a4a0-7e18-4642-a79c-31e6f9ecbe64.jpg
phones	Haiti 2	51	480x480-f0fa0c31-4d65-45e9-94bd-d9eb33394825	https://static.dollarstreet.org/media/Haiti 2/image/f0fa0c31-4d65-45e9-94bd-d9eb33394825/480x480-f0fa0c31-4d65-45e9-94bd-d9eb33394825.jpg
phones	Bolivia 2	254	480x480-b1b15b79-d4c7-4a16-8abe-d69f139d1329	https://static.dollarstreet.org/media/Bolivia 2/image/b1b15b79-d4c7-4a16-8abe-d69f139d1329/480x480-b1b15b79-d4c7-4a16-8abe-d69f139d1329.jpg
phones	Korea, Rep. 5	835	480x480-ca4f5c7b-c6b8-4052-b856-f0943345d2b5	https://static.dollarstreet.org/media/Korea, Rep. 5/image/ca4f5c7b-c6b8-4052-b856-f0943345d2b5/480x480-ca4f5c7b-c6b8-4052-b856-f0943345d2b5.jpg
phones	USA 6	4650	480x480-093df234-e7a0-4474-bcbd-7f3386aec65f	https://static.dollarstreet.org/media/USA 6/image/093df234-e7a0-4474-bcbd-7f3386aec65f/480x480-093df234-e7a0-4474-bcbd-7f3386aec65f.jpg
phones	Burkina Faso 5	54	480x480-3384e532-fff4-4ecc-a9f7-4c1905fadae2	https://static.dollarstreet.org/media/Burkina Faso 5/image/3384e532-fff4-4ecc-a9f7-4c1905fadae2/480x480-3384e532-fff4-4ecc-a9f7-4c1905fadae2.jpg
phones	Tunisia 5	218	480x480-16cdf6fc-f478-4ac9-840f-72e2b9dfca42	https://static.dollarstreet.org/media/Tunisia 5/image/16cdf6fc-f478-4ac9-840f-72e2b9dfca42/480x480-16cdf6fc-f478-4ac9-840f-72e2b9dfca42.jpg
phones	Bulgaria 1	654	480x480-6187ec93-bfe5-4b64-8f5b-346966b51c19	https://static.dollarstreet.org/media/Bulgaria 1/image/6187ec93-bfe5-4b64-8f5b-346966b51c19/480x480-6187ec93-bfe5-4b64-8f5b-346966b51c19.jpg
phones	China 15	4609	480x480-b2d9cd07-da7d-4b09-a84c-7e6440b6a0b6	https://static.dollarstreet.org/media/China 15/image/b2d9cd07-da7d-4b09-a84c-7e6440b6a0b6/480x480-b2d9cd07-da7d-4b09-a84c-7e6440b6a0b6.jpg
phones	Bangladesh 6	58	480x480-a3288985-b966-495b-9cf5-084d88e6952f	https://static.dollarstreet.org/media/Bangladesh 6/image/a3288985-b966-495b-9cf5-084d88e6952f/480x480-a3288985-b966-495b-9cf5-084d88e6952f.jpg
phones	Philippines 12	262	480x480-043adea9-e19f-4a17-9d68-209dfbb9dd72	https://static.dollarstreet.org/media/Philippines 12/image/043adea9-e19f-4a17-9d68-209dfbb9dd72/480x480-043adea9-e19f-4a17-9d68-209dfbb9dd72.jpg
phones	USA 8	855	480x480-43a18b1f-e23d-46e7-9fea-82d0b95cf114	https://static.dollarstreet.org/media/USA 8/image/43a18b1f-e23d-46e7-9fea-82d0b95cf114/480x480-43a18b1f-e23d-46e7-9fea-82d0b95cf114.jpg
phones	USA 12	4446	480x480-32be4c91-f050-4d2d-8f67-fb65d526d359	https://static.dollarstreet.org/media/USA 12/image/32be4c91-f050-4d2d-8f67-fb65d526d359/480x480-32be4c91-f050-4d2d-8f67-fb65d526d359.jpg
phones	Ivory Coast 5	61	480x480-be4c6311-faae-4b20-ba6b-fe33e40d4fb1	https://static.dollarstreet.org/media/Ivory Coast 5/image/be4c6311-faae-4b20-ba6b-fe33e40d4fb1/480x480-be4c6311-faae-4b20-ba6b-fe33e40d4fb1.jpg
phones	Bolivia 1	265	480x480-efe0ac87-3c6f-4161-be1e-a23ea2e8e6a0	https://static.dollarstreet.org/media/Bolivia 1/image/efe0ac87-3c6f-4161-be1e-a23ea2e8e6a0/480x480-efe0ac87-3c6f-4161-be1e-a23ea2e8e6a0.jpg
phones	Palestine 2	624	480x480-8a3648ef-8c1c-4cbb-b094-3c89cad77b93	https://static.dollarstreet.org/media/Palestine 2/image/8a3648ef-8c1c-4cbb-b094-3c89cad77b93/480x480-8a3648ef-8c1c-4cbb-b094-3c89cad77b93.jpg
phones	Nepal 5	3829	480x480-f9845f41-5ff4-4b53-b935-36eee0581c88	https://static.dollarstreet.org/media/Nepal 5/image/f9845f41-5ff4-4b53-b935-36eee0581c88/480x480-f9845f41-5ff4-4b53-b935-36eee0581c88.jpg
phones	Myanmar 4	64	480x480-5f4e38ae-2aa0-412a-8aa1-1e50d957cbb4	https://static.dollarstreet.org/media/Myanmar 4/image/5f4e38ae-2aa0-412a-8aa1-1e50d957cbb4/480x480-5f4e38ae-2aa0-412a-8aa1-1e50d957cbb4.jpg
phones	Indonesia 4	210	480x480-f8c80bf3-d7af-4cbc-98b8-e0892edb334e	https://static.dollarstreet.org/media/Indonesia 4/image/f8c80bf3-d7af-4cbc-98b8-e0892edb334e/480x480-f8c80bf3-d7af-4cbc-98b8-e0892edb334e.jpg
phones	Mexico 3	897	480x480-fad5968e-b4c5-441c-a540-79bb140d4434	https://static.dollarstreet.org/media/Mexico 3/image/fad5968e-b4c5-441c-a540-79bb140d4434/480x480-fad5968e-b4c5-441c-a540-79bb140d4434.jpg
phones	France 1	3764	480x480-edc39a02-1ed5-49a6-85cb-09f976159ef0	https://static.dollarstreet.org/media/France 1/image/edc39a02-1ed5-49a6-85cb-09f976159ef0/480x480-edc39a02-1ed5-49a6-85cb-09f976159ef0.jpg
phones	Malawi 4	64	480x480-cbfe67c5-c28a-4a00-be2c-5db33fda4ad6	https://static.dollarstreet.org/media/Malawi 4/image/cbfe67c5-c28a-4a00-be2c-5db33fda4ad6/480x480-cbfe67c5-c28a-4a00-be2c-5db33fda4ad6.jpg
phones	Bolivia 3	180	480x480-edbd91b9-e33b-49ac-8ae3-c2a2e2609a29	https://static.dollarstreet.org/media/Bolivia 3/image/edbd91b9-e33b-49ac-8ae3-c2a2e2609a29/480x480-edbd91b9-e33b-49ac-8ae3-c2a2e2609a29.jpg
phones	Jordan 2	583	480x480-d71f6f82-cb94-45bd-b9c9-d3651be44c5c	https://static.dollarstreet.org/media/Jordan 2/image/d71f6f82-cb94-45bd-b9c9-d3651be44c5c/480x480-d71f6f82-cb94-45bd-b9c9-d3651be44c5c.jpg
phones	Melvina's home	3755	480x480-8bc6171a-273d-4a1a-8bb6-b63aca42ffe8	https://static.dollarstreet.org/media/Melvina's home/image/8bc6171a-273d-4a1a-8bb6-b63aca42ffe8/480x480-8bc6171a-273d-4a1a-8bb6-b63aca42ffe8.jpg
phones	Bangladesh 4	65	480x480-3c18fa0e-4ee8-4470-8499-77f820287b73	https://static.dollarstreet.org/media/Bangladesh 4/image/3c18fa0e-4ee8-4470-8499-77f820287b73/480x480-3c18fa0e-4ee8-4470-8499-77f820287b73.jpg
phones	India 7	311	480x480-ec566c4e-21db-4637-b77d-9de036591efc	https://static.dollarstreet.org/media/India 7/image/ec566c4e-21db-4637-b77d-9de036591efc/480x480-ec566c4e-21db-4637-b77d-9de036591efc.jpg
phones	Brazil 1	956	480x480-ad958dc2-8fff-4d0c-84df-d825cb87347d	https://static.dollarstreet.org/media/Brazil 1/image/ad958dc2-8fff-4d0c-84df-d825cb87347d/480x480-ad958dc2-8fff-4d0c-84df-d825cb87347d.jpg
phones	China 4	3704	480x480-1ca5edb0-c06d-475a-897c-356e74e03c66	https://static.dollarstreet.org/media/China 4/image/1ca5edb0-c06d-475a-897c-356e74e03c66/480x480-1ca5edb0-c06d-475a-897c-356e74e03c66.jpg
phones	Nigeria 7	68	480x480-69cec655-cd62-474f-9042-e0aca60e5796	https://static.dollarstreet.org/media/Nigeria 7/image/69cec655-cd62-474f-9042-e0aca60e5796/480x480-69cec655-cd62-474f-9042-e0aca60e5796.jpg
phones	Tunisia 1	176	480x480-bd7b69f5-3606-4017-b331-dece46149d52	https://static.dollarstreet.org/media/Tunisia 1/image/bd7b69f5-3606-4017-b331-dece46149d52/480x480-bd7b69f5-3606-4017-b331-dece46149d52.jpg
phones	Russia 1	578	480x480-c1344e1f-3244-4417-b87e-9c29e4cd0feb	https://static.dollarstreet.org/media/Russia 1/image/c1344e1f-3244-4417-b87e-9c29e4cd0feb/480x480-c1344e1f-3244-4417-b87e-9c29e4cd0feb.jpg
phones	Peru 2	3588	480x480-9fede782-0f28-48b9-8da4-dfd953873f1c	https://static.dollarstreet.org/media/Peru 2/image/9fede782-0f28-48b9-8da4-dfd953873f1c/480x480-9fede782-0f28-48b9-8da4-dfd953873f1c.jpg
phones	Bangladesh 5	72	480x480-c44f316e-e6b9-4a8f-954c-13d4a0239bfc	https://static.dollarstreet.org/media/Bangladesh 5/image/c44f316e-e6b9-4a8f-954c-13d4a0239bfc/480x480-c44f316e-e6b9-4a8f-954c-13d4a0239bfc.jpg
phones	China 6	315	480x480-36cedb1c-cf59-4b84-a016-71f0afe12ccb	https://static.dollarstreet.org/media/China 6/image/36cedb1c-cf59-4b84-a016-71f0afe12ccb/480x480-36cedb1c-cf59-4b84-a016-71f0afe12ccb.jpg
phones	India 19	963	480x480-9c186b59-b3ac-4aa0-8a7f-79c17a3f327d	https://static.dollarstreet.org/media/India 19/image/9c186b59-b3ac-4aa0-8a7f-79c17a3f327d/480x480-9c186b59-b3ac-4aa0-8a7f-79c17a3f327d.jpg
phones	USA 15	3450	480x480-86f6903e-4617-4f88-a417-1154686a889c	https://static.dollarstreet.org/media/USA 15/image/86f6903e-4617-4f88-a417-1154686a889c/480x480-86f6903e-4617-4f88-a417-1154686a889c.jpg
phones	Rwanda 3	72	480x480-fbbb1931-0b5d-49b9-98fb-e832c8130eb2	https://static.dollarstreet.org/media/Rwanda 3/image/fbbb1931-0b5d-49b9-98fb-e832c8130eb2/480x480-fbbb1931-0b5d-49b9-98fb-e832c8130eb2.jpg
phones	Kenya 1	174	480x480-ddd65ad5-6792-4197-99d1-74ea17008edd	https://static.dollarstreet.org/media/Kenya 1/image/ddd65ad5-6792-4197-99d1-74ea17008edd/480x480-ddd65ad5-6792-4197-99d1-74ea17008edd.jpg
phones	USA 13	996	480x480-ce4394e5-1849-43f2-a7af-f848d64e7107	https://static.dollarstreet.org/media/USA 13/image/ce4394e5-1849-43f2-a7af-f848d64e7107/480x480-ce4394e5-1849-43f2-a7af-f848d64e7107.jpg
phones	Sweden 7	3439	480x480-46224845-80a8-4499-a0b3-7874c443e59c	https://static.dollarstreet.org/media/Sweden 7/image/46224845-80a8-4499-a0b3-7874c443e59c/480x480-46224845-80a8-4499-a0b3-7874c443e59c.jpg
phones	Bangladesh 9	78	480x480-0d68e895-1793-442f-865b-b78089ac7e2b	https://static.dollarstreet.org/media/Bangladesh 9/image/0d68e895-1793-442f-865b-b78089ac7e2b/480x480-0d68e895-1793-442f-865b-b78089ac7e2b.jpg
phones	Jordan 1	366	480x480-5bfaea80-f09e-4c03-aabd-6b232e7c463d	https://static.dollarstreet.org/media/Jordan 1/image/5bfaea80-f09e-4c03-aabd-6b232e7c463d/480x480-5bfaea80-f09e-4c03-aabd-6b232e7c463d.jpg
phones	China 23	575	480x480-ca8aafd8-66f4-42b0-858b-434fde13c56b	https://static.dollarstreet.org/media/China 23/image/ca8aafd8-66f4-42b0-858b-434fde13c56b/480x480-ca8aafd8-66f4-42b0-858b-434fde13c56b.jpg
phones	China 17	3318	480x480-f68abbe4-5d9b-4e18-940f-821dfdbc1ec6	https://static.dollarstreet.org/media/China 17/image/f68abbe4-5d9b-4e18-940f-821dfdbc1ec6/480x480-f68abbe4-5d9b-4e18-940f-821dfdbc1ec6.jpg
phones	Ivory Coast 3	81	480x480-d4f0c79c-1cb1-4949-a1e4-fe967105e03c	https://static.dollarstreet.org/media/Ivory Coast 3/image/d4f0c79c-1cb1-4949-a1e4-fe967105e03c/480x480-d4f0c79c-1cb1-4949-a1e4-fe967105e03c.jpg
phones	Cameroon 1	174	480x480-30aa5efd-85ce-48aa-9f89-8f1a4da6c125	https://static.dollarstreet.org/media/Cameroon 1/image/30aa5efd-85ce-48aa-9f89-8f1a4da6c125/480x480-30aa5efd-85ce-48aa-9f89-8f1a4da6c125.jpg
phones	Romania 1	1019	480x480-02916298-f773-494a-a7c9-d7ef29c18847	https://static.dollarstreet.org/media/Romania 1/image/02916298-f773-494a-a7c9-d7ef29c18847/480x480-02916298-f773-494a-a7c9-d7ef29c18847.jpg
phones	Kenya 2	3268	480x480-0f2ab5ce-da75-46df-bdf2-6eeab4f54ada	https://static.dollarstreet.org/media/Kenya 2/image/0f2ab5ce-da75-46df-bdf2-6eeab4f54ada/480x480-0f2ab5ce-da75-46df-bdf2-6eeab4f54ada.jpg
phones	Nepal 4	84	480x480-331e372d-dc4c-4a0a-9f7b-bb066c598613	https://static.dollarstreet.org/media/Nepal 4/image/331e372d-dc4c-4a0a-9f7b-bb066c598613/480x480-331e372d-dc4c-4a0a-9f7b-bb066c598613.jpg
phones	India 18	369	480x480-89285362-ed21-4d13-83e5-81966f680112	https://static.dollarstreet.org/media/India 18/image/89285362-ed21-4d13-83e5-81966f680112/480x480-89285362-ed21-4d13-83e5-81966f680112.jpg
phones	India 17	526	480x480-c71ab954-6760-446b-bbe8-9716b3851f8a	https://static.dollarstreet.org/media/India 17/image/c71ab954-6760-446b-bbe8-9716b3851f8a/480x480-c71ab954-6760-446b-bbe8-9716b3851f8a.jpg
phones	Vietnam 5	2944	480x480-6b0c4eda-f68f-486a-b937-d76c15e691e3	https://static.dollarstreet.org/media/Vietnam 5/image/6b0c4eda-f68f-486a-b937-d76c15e691e3/480x480-6b0c4eda-f68f-486a-b937-d76c15e691e3.jpg
phones	Liberia 2	87	480x480-67bdd1d8-6cb7-4624-a366-a8a9ed9f37ca	https://static.dollarstreet.org/media/Liberia 2/image/67bdd1d8-6cb7-4624-a366-a8a9ed9f37ca/480x480-67bdd1d8-6cb7-4624-a366-a8a9ed9f37ca.jpg
phones	Colombia 2	163	480x480-bded87d3-29b5-42d8-aca3-88121886ffe7	https://static.dollarstreet.org/media/Colombia 2/image/bded87d3-29b5-42d8-aca3-88121886ffe7/480x480-bded87d3-29b5-42d8-aca3-88121886ffe7.jpg
phones	Turkey 1	505	480x480-686fde52-d93a-4157-951e-ec33a370f90d	https://static.dollarstreet.org/media/Turkey 1/image/686fde52-d93a-4157-951e-ec33a370f90d/480x480-686fde52-d93a-4157-951e-ec33a370f90d.jpg
phones	France 2	2895	480x480-8be4db48-a55b-42bb-a41f-4f7ad0b7dddb	https://static.dollarstreet.org/media/France 2/image/8be4db48-a55b-42bb-a41f-4f7ad0b7dddb/480x480-8be4db48-a55b-42bb-a41f-4f7ad0b7dddb.jpg
phones	Philippines 2	93	480x480-c031eb65-5e0f-4d04-9e49-4847c8c6963e	https://static.dollarstreet.org/media/Philippines 2/image/c031eb65-5e0f-4d04-9e49-4847c8c6963e/480x480-c031eb65-5e0f-4d04-9e49-4847c8c6963e.jpg
phones	Indonesia 1	399	480x480-7fdba261-02bf-43d8-a3b3-1bae802596b4	https://static.dollarstreet.org/media/Indonesia 1/image/7fdba261-02bf-43d8-a3b3-1bae802596b4/480x480-7fdba261-02bf-43d8-a3b3-1bae802596b4.jpg
phones	India 22	504	480x480-7c8f51ad-f3ec-44c8-b8ae-429cc27fff7d	https://static.dollarstreet.org/media/India 22/image/7c8f51ad-f3ec-44c8-b8ae-429cc27fff7d/480x480-7c8f51ad-f3ec-44c8-b8ae-429cc27fff7d.jpg
phones	China 16	2765	480x480-a29d8284-62b1-4ed9-83d6-a856653faac9	https://static.dollarstreet.org/media/China 16/image/a29d8284-62b1-4ed9-83d6-a856653faac9/480x480-a29d8284-62b1-4ed9-83d6-a856653faac9.jpg
phones	Burkina Faso 2	95	480x480-6f174029-f086-40f2-b791-95fd53b682b6	https://static.dollarstreet.org/media/Burkina Faso 2/image/6f174029-f086-40f2-b791-95fd53b682b6/480x480-6f174029-f086-40f2-b791-95fd53b682b6.jpg
phones	Romania 3	163	480x480-2b309757-c474-4203-903f-b5f3ee53c536	https://static.dollarstreet.org/media/Romania 3/image/2b309757-c474-4203-903f-b5f3ee53c536/480x480-2b309757-c474-4203-903f-b5f3ee53c536.jpg
phones	United Kingdom 1	1040	480x480-f67c0f03-f326-45fc-83d4-49d48eb90d4d	https://static.dollarstreet.org/media/United Kingdom 1/image/f67c0f03-f326-45fc-83d4-49d48eb90d4d/480x480-f67c0f03-f326-45fc-83d4-49d48eb90d4d.jpg
phones	Sweden 8	2223	480x480-d4eb5e47-a0e0-494c-8720-fef6a2f6895e	https://static.dollarstreet.org/media/Sweden 8/image/d4eb5e47-a0e0-494c-8720-fef6a2f6895e/480x480-d4eb5e47-a0e0-494c-8720-fef6a2f6895e.jpg
phones	Bangladesh 8	96	480x480-8fa92be9-b11e-4c21-8a3e-9f18b88f50b2	https://static.dollarstreet.org/media/Bangladesh 8/image/8fa92be9-b11e-4c21-8a3e-9f18b88f50b2/480x480-8fa92be9-b11e-4c21-8a3e-9f18b88f50b2.jpg
phones	China 11	416	480x480-c06d9d70-c5c0-4993-abe6-80f2d2a6b9e3	https://static.dollarstreet.org/media/China 11/image/c06d9d70-c5c0-4993-abe6-80f2d2a6b9e3/480x480-c06d9d70-c5c0-4993-abe6-80f2d2a6b9e3.jpg
phones	Philippines 9	501	480x480-3ac61970-8e7d-4157-9bc6-e200c02ac2c2	https://static.dollarstreet.org/media/Philippines 9/image/3ac61970-8e7d-4157-9bc6-e200c02ac2c2/480x480-3ac61970-8e7d-4157-9bc6-e200c02ac2c2.jpg
phones	USA 10	2055	480x480-00ce4883-6b5c-43ba-aa72-0d39374d0356	https://static.dollarstreet.org/media/USA 10/image/00ce4883-6b5c-43ba-aa72-0d39374d0356/480x480-00ce4883-6b5c-43ba-aa72-0d39374d0356.jpg
phones	Peru 1	102	480x480-d2190e4b-442a-4d39-b479-339466e2c87a	https://static.dollarstreet.org/media/Peru 1/image/d2190e4b-442a-4d39-b479-339466e2c87a/480x480-d2190e4b-442a-4d39-b479-339466e2c87a.jpg
phones	South Africa 1	148	480x480-5338868b-02dc-4308-844d-f5093a1346e6	https://static.dollarstreet.org/media/South Africa 1/image/5338868b-02dc-4308-844d-f5093a1346e6/480x480-5338868b-02dc-4308-844d-f5093a1346e6.jpg
phones	Latvia 4	480	480x480-ab58db54-b518-4c11-9c48-39f9ac3b5a82	https://static.dollarstreet.org/media/Latvia 4/image/ab58db54-b518-4c11-9c48-39f9ac3b5a82/480x480-ab58db54-b518-4c11-9c48-39f9ac3b5a82.jpg
phones	United Kingdom 3	2010	480x480-87b9d5ab-3864-4870-9314-faa9c8d3b7d3	https://static.dollarstreet.org/media/United Kingdom 3/image/87b9d5ab-3864-4870-9314-faa9c8d3b7d3/480x480-87b9d5ab-3864-4870-9314-faa9c8d3b7d3.jpg
phones	Palestine 1	112	480x480-1089738a-3093-4f02-81ac-a9f2706f4d7b	https://static.dollarstreet.org/media/Palestine 1/image/1089738a-3093-4f02-81ac-a9f2706f4d7b/480x480-1089738a-3093-4f02-81ac-a9f2706f4d7b.jpg
phones	Cambodia 4	437	480x480-4a7ed57f-67f6-451a-a223-8176fc25c3c2	https://static.dollarstreet.org/media/Cambodia 4/image/4a7ed57f-67f6-451a-a223-8176fc25c3c2/480x480-4a7ed57f-67f6-451a-a223-8176fc25c3c2.jpg
phones	Tanzania 1	1051	480x480-68cd55d4-6b9f-4e8c-8f27-c7f34f527431	https://static.dollarstreet.org/media/Tanzania 1/image/68cd55d4-6b9f-4e8c-8f27-c7f34f527431/480x480-68cd55d4-6b9f-4e8c-8f27-c7f34f527431.jpg
phones	USA 9	2001	480x480-b089efed-3808-4faf-abad-f3080c84f7a7	https://static.dollarstreet.org/media/USA 9/image/b089efed-3808-4faf-abad-f3080c84f7a7/480x480-b089efed-3808-4faf-abad-f3080c84f7a7.jpg
phones	Tunisia 4	114	480x480-b6604bbc-e4b6-4f2b-b755-54a1943dd69f	https://static.dollarstreet.org/media/Tunisia 4/image/b6604bbc-e4b6-4f2b-b755-54a1943dd69f/480x480-b6604bbc-e4b6-4f2b-b755-54a1943dd69f.jpg
phones	Philippines 5	238	480x480-edb3c2d1-ef13-4ff5-a0e6-5366132b2bd5	https://static.dollarstreet.org/media/Philippines 5/image/edb3c2d1-ef13-4ff5-a0e6-5366132b2bd5/480x480-edb3c2d1-ef13-4ff5-a0e6-5366132b2bd5.jpg
phones	Ukraine 3	476	480x480-82d1af7c-ee73-4b88-8d62-8fee60b3a867	https://static.dollarstreet.org/media/Ukraine 3/image/82d1af7c-ee73-4b88-8d62-8fee60b3a867/480x480-82d1af7c-ee73-4b88-8d62-8fee60b3a867.jpg
phones	United Kingdom 2	1890	480x480-88a88322-131e-4649-a3c3-cbe87e5abf6d	https://static.dollarstreet.org/media/United Kingdom 2/image/88a88322-131e-4649-a3c3-cbe87e5abf6d/480x480-88a88322-131e-4649-a3c3-cbe87e5abf6d.jpg
phones	Indonesia 2	115	480x480-ceaedb7c-1c07-4d36-b231-050d8551128b	https://static.dollarstreet.org/media/Indonesia 2/image/ceaedb7c-1c07-4d36-b231-050d8551128b/480x480-ceaedb7c-1c07-4d36-b231-050d8551128b.jpg
phones	Indonesia 11	234	480x480-048e4c82-467c-4969-92e8-ae36712cde64	https://static.dollarstreet.org/media/Indonesia 11/image/048e4c82-467c-4969-92e8-ae36712cde64/480x480-048e4c82-467c-4969-92e8-ae36712cde64.jpg
phones	Cambodia 10	1084	480x480-b7060070-ea44-4844-b86f-91b4b2378594	https://static.dollarstreet.org/media/Cambodia 10/image/b7060070-ea44-4844-b86f-91b4b2378594/480x480-b7060070-ea44-4844-b86f-91b4b2378594.jpg
phones	USA 14	1796	480x480-bd550e0b-95d2-42a1-aa6a-1b9aa494c58d	https://static.dollarstreet.org/media/USA 14/image/bd550e0b-95d2-42a1-aa6a-1b9aa494c58d/480x480-bd550e0b-95d2-42a1-aa6a-1b9aa494c58d.jpg
phones	South Africa 2	116	480x480-517eeebc-34e0-452e-89c4-2139ea442392	https://static.dollarstreet.org/media/South Africa 2/image/517eeebc-34e0-452e-89c4-2139ea442392/480x480-517eeebc-34e0-452e-89c4-2139ea442392.jpg
phones	China 2	240	480x480-ec7275d4-22fe-47ba-abf8-2c0e7ebd76f0	https://static.dollarstreet.org/media/China 2/image/ec7275d4-22fe-47ba-abf8-2c0e7ebd76f0/480x480-ec7275d4-22fe-47ba-abf8-2c0e7ebd76f0.jpg
phones	Mexico 2	1093	480x480-7e255962-6196-40e2-af12-bbe4c1249a42	https://static.dollarstreet.org/media/Mexico 2/image/7e255962-6196-40e2-af12-bbe4c1249a42/480x480-7e255962-6196-40e2-af12-bbe4c1249a42.jpg
phones	Nepal 8	1747	480x480-9bcc8047-33cb-4a8b-a2b3-d87c43df8cc3	https://static.dollarstreet.org/media/Nepal 8/image/9bcc8047-33cb-4a8b-a2b3-d87c43df8cc3/480x480-9bcc8047-33cb-4a8b-a2b3-d87c43df8cc3.jpg
phones	Cambodia 7	117	480x480-beb51100-92da-4abd-82d0-78084fb4fd58	https://static.dollarstreet.org/media/Cambodia 7/image/beb51100-92da-4abd-82d0-78084fb4fd58/480x480-beb51100-92da-4abd-82d0-78084fb4fd58.jpg
phones	Philippines 8	228	480x480-e959d481-bc72-40c3-b99d-eb66b4659b3a	https://static.dollarstreet.org/media/Philippines 8/image/e959d481-bc72-40c3-b99d-eb66b4659b3a/480x480-e959d481-bc72-40c3-b99d-eb66b4659b3a.jpg
phones	Rwanda 1	460	480x480-05938a9d-cbce-44ed-b214-9058f4d4e686	https://static.dollarstreet.org/media/Rwanda 1/image/05938a9d-cbce-44ed-b214-9058f4d4e686/480x480-05938a9d-cbce-44ed-b214-9058f4d4e686.jpg
phones	Latvia 3	1743	480x480-e7aaa319-a578-4e64-95ec-b56aab28cdee	https://static.dollarstreet.org/media/Latvia 3/image/e7aaa319-a578-4e64-95ec-b56aab28cdee/480x480-e7aaa319-a578-4e64-95ec-b56aab28cdee.jpg
phones	Colombia 3	123	480x480-69c2056c-c0d5-4f5a-ab46-fef84393de55	https://static.dollarstreet.org/media/Colombia 3/image/69c2056c-c0d5-4f5a-ab46-fef84393de55/480x480-69c2056c-c0d5-4f5a-ab46-fef84393de55.jpg
phones	India 1	245	480x480-2c809829-05e1-4ad5-a6db-24e15039b813	https://static.dollarstreet.org/media/India 1/image/2c809829-05e1-4ad5-a6db-24e15039b813/480x480-2c809829-05e1-4ad5-a6db-24e15039b813.jpg
phones	Pakistan 1	1098	480x480-0f53fd1b-c20d-4de5-87d7-c12b3c82d601	https://static.dollarstreet.org/media/Pakistan 1/image/0f53fd1b-c20d-4de5-87d7-c12b3c82d601/480x480-0f53fd1b-c20d-4de5-87d7-c12b3c82d601.jpg
phones	India 6	1614	480x480-96d11c3f-7dc0-4af1-a555-bd2ee81e4a58	https://static.dollarstreet.org/media/India 6/image/96d11c3f-7dc0-4af1-a555-bd2ee81e4a58/480x480-96d11c3f-7dc0-4af1-a555-bd2ee81e4a58.jpg
phones	Nigeria 1	124	480x480-e2695ec6-0169-42a7-a35d-2f8fb1c2d657	https://static.dollarstreet.org/media/Nigeria 1/image/e2695ec6-0169-42a7-a35d-2f8fb1c2d657/480x480-e2695ec6-0169-42a7-a35d-2f8fb1c2d657.jpg
phones	China 27	225	480x480-815a128f-f239-4472-a5cb-29ab90a5be34	https://static.dollarstreet.org/media/China 27/image/815a128f-f239-4472-a5cb-29ab90a5be34/480x480-815a128f-f239-4472-a5cb-29ab90a5be34.jpg
phones	Latvia 1	1035	480x480-fe5ea0b0-da7f-4adf-a5e1-fe4a26236281	https://static.dollarstreet.org/media/Latvia 1/image/fe5ea0b0-da7f-4adf-a5e1-fe4a26236281/480x480-fe5ea0b0-da7f-4adf-a5e1-fe4a26236281.jpg
phones	Egypt 2	1494	480x480-c67e573f-5eec-4a16-ac3e-6d3a1359847c	https://static.dollarstreet.org/media/Egypt 2/image/c67e573f-5eec-4a16-ac3e-6d3a1359847c/480x480-c67e573f-5eec-4a16-ac3e-6d3a1359847c.jpg
phones	Bangladesh 4	125	480x480-d4892dcd-c29a-4ce3-accb-4620643e2ec0	https://static.dollarstreet.org/media/Bangladesh 4/image/d4892dcd-c29a-4ce3-accb-4620643e2ec0/480x480-d4892dcd-c29a-4ce3-accb-4620643e2ec0.jpg
phones	Indonesia 7	211	480x480-6d032325-26ce-4c88-846f-96166d7122c0	https://static.dollarstreet.org/media/Indonesia 7/image/6d032325-26ce-4c88-846f-96166d7122c0/480x480-6d032325-26ce-4c88-846f-96166d7122c0.jpg
phones	Thailand 5	1046	480x480-35d2899d-97bf-48c3-a897-aca9d6a91f14	https://static.dollarstreet.org/media/Thailand 5/image/35d2899d-97bf-48c3-a897-aca9d6a91f14/480x480-35d2899d-97bf-48c3-a897-aca9d6a91f14.jpg
phones	India 20	1458	480x480-160de55d-b91d-4555-8b33-8c90a0ed5064	https://static.dollarstreet.org/media/India 20/image/160de55d-b91d-4555-8b33-8c90a0ed5064/480x480-160de55d-b91d-4555-8b33-8c90a0ed5064.jpg
phones	Cameroon 4	137	480x480-0c05af37-d6fc-4176-98f0-d9423729d39e	https://static.dollarstreet.org/media/Cameroon 4/image/0c05af37-d6fc-4176-98f0-d9423729d39e/480x480-0c05af37-d6fc-4176-98f0-d9423729d39e.jpg
phones	Nepal 3	201	480x480-5ad2e9ed-310c-4b42-a822-056cc8fdfddb	https://static.dollarstreet.org/media/Nepal 3/image/5ad2e9ed-310c-4b42-a822-056cc8fdfddb/480x480-5ad2e9ed-310c-4b42-a822-056cc8fdfddb.jpg
phones	China 8	781	480x480-953a5865-5e39-4612-a343-958ac1c6f7b5	https://static.dollarstreet.org/media/China 8/image/953a5865-5e39-4612-a343-958ac1c6f7b5/480x480-953a5865-5e39-4612-a343-958ac1c6f7b5.jpg
phones	Sweden 9	1289	480x480-444151ec-e703-4520-bb2d-c1d6a4be6fa3	https://static.dollarstreet.org/media/Sweden 9/image/444151ec-e703-4520-bb2d-c1d6a4be6fa3/480x480-444151ec-e703-4520-bb2d-c1d6a4be6fa3.jpg
phones	Myanmar 8	141	480x480-5727c419-ba28-4052-bbaa-ae066c33a999	https://static.dollarstreet.org/media/Myanmar 8/image/5727c419-ba28-4052-bbaa-ae066c33a999/480x480-5727c419-ba28-4052-bbaa-ae066c33a999.jpg
phones	Philippines 4	195	480x480-4891bb5c-dc5a-4fda-95f2-016a12d63703	https://static.dollarstreet.org/media/Philippines 4/image/4891bb5c-dc5a-4fda-95f2-016a12d63703/480x480-4891bb5c-dc5a-4fda-95f2-016a12d63703.jpg
phones	India 2	724	480x480-077ddcf9-3786-46ec-b127-78e99a66df8d	https://static.dollarstreet.org/media/India 2/image/077ddcf9-3786-46ec-b127-78e99a66df8d/480x480-077ddcf9-3786-46ec-b127-78e99a66df8d.jpg
phones	China 25	1278	480x480-f0abdcf0-512b-474f-ad3e-36469f38ac9a	https://static.dollarstreet.org/media/China 25/image/f0abdcf0-512b-474f-ad3e-36469f38ac9a/480x480-f0abdcf0-512b-474f-ad3e-36469f38ac9a.jpg
phones	Colombia 1	145	480x480-c7c2c52c-26ea-43db-9b73-c8fa4ea060ef	https://static.dollarstreet.org/media/Colombia 1/image/c7c2c52c-26ea-43db-9b73-c8fa4ea060ef/480x480-c7c2c52c-26ea-43db-9b73-c8fa4ea060ef.jpg
phones	Cambodia 1	295	480x480-e15523ce-16af-4bab-ac28-644536ed5a32	https://static.dollarstreet.org/media/Cambodia 1/image/e15523ce-16af-4bab-ac28-644536ed5a32/480x480-e15523ce-16af-4bab-ac28-644536ed5a32.jpg
phones	Korea, Rep. 2	700	480x480-e4b14605-fd58-446d-9e34-abc38172acf3	https://static.dollarstreet.org/media/Korea, Rep. 2/image/e4b14605-fd58-446d-9e34-abc38172acf3/480x480-e4b14605-fd58-446d-9e34-abc38172acf3.jpg
phones	USA 4	1269	480x480-aebe6824-df84-4c8d-9392-f6994a6be13d	https://static.dollarstreet.org/media/USA 4/image/aebe6824-df84-4c8d-9392-f6994a6be13d/480x480-aebe6824-df84-4c8d-9392-f6994a6be13d.jpg
phones	Ivory Coast 1	42	480x480-eb709041-07d4-4692-91a6-3c3cf934096a	https://static.dollarstreet.org/media/Ivory Coast 1/image/eb709041-07d4-4692-91a6-3c3cf934096a/480x480-eb709041-07d4-4692-91a6-3c3cf934096a.jpg
phones	Myanmar 6	195	480x480-74c6a1b8-088a-4756-ac60-fc7d8eea5fb4	https://static.dollarstreet.org/media/Myanmar 6/image/74c6a1b8-088a-4756-ac60-fc7d8eea5fb4/480x480-74c6a1b8-088a-4756-ac60-fc7d8eea5fb4.jpg
phones	China 9	694	480x480-7436d7cd-b390-4de7-9730-e2543531d613	https://static.dollarstreet.org/media/China 9/image/7436d7cd-b390-4de7-9730-e2543531d613/480x480-7436d7cd-b390-4de7-9730-e2543531d613.jpg
phones	China 10	1262	480x480-b729e012-9b60-4421-aa53-3d68df2801fe	https://static.dollarstreet.org/media/China 10/image/b729e012-9b60-4421-aa53-3d68df2801fe/480x480-b729e012-9b60-4421-aa53-3d68df2801fe.jpg
phones	Cambodia 8	60	480x480-da6b0781-2e71-4065-b4c8-97dbe1d9e54d	https://static.dollarstreet.org/media/Cambodia 8/image/da6b0781-2e71-4065-b4c8-97dbe1d9e54d/480x480-da6b0781-2e71-4065-b4c8-97dbe1d9e54d.jpg
phones	Cambodia 5	306	480x480-1e5fbc8c-32bf-48fa-aa81-c70ce0bdd19b	https://static.dollarstreet.org/media/Cambodia 5/image/1e5fbc8c-32bf-48fa-aa81-c70ce0bdd19b/480x480-1e5fbc8c-32bf-48fa-aa81-c70ce0bdd19b.jpg
phones	Lebanon 1	832	480x480-0ad6db74-090b-4cfa-aecf-ce1ea6665fde	https://static.dollarstreet.org/media/Lebanon 1/image/0ad6db74-090b-4cfa-aecf-ce1ea6665fde/480x480-0ad6db74-090b-4cfa-aecf-ce1ea6665fde.jpg
phones	Lithuania 1	1258	480x480-2cfc72f5-cd24-4bb7-bb52-e28ef57eb3ae	https://static.dollarstreet.org/media/Lithuania 1/image/2cfc72f5-cd24-4bb7-bb52-e28ef57eb3ae/480x480-2cfc72f5-cd24-4bb7-bb52-e28ef57eb3ae.jpg
phones	Ivory Coast 2	68	480x480-20348c7e-68e6-4387-8f9e-bb0405a25709	https://static.dollarstreet.org/media/Ivory Coast 2/image/20348c7e-68e6-4387-8f9e-bb0405a25709/480x480-20348c7e-68e6-4387-8f9e-bb0405a25709.jpg
phones	Philippines 1	194	480x480-e243ddb0-c8ed-4d4b-936d-dbaef8440d28	https://static.dollarstreet.org/media/Philippines 1/image/e243ddb0-c8ed-4d4b-936d-dbaef8440d28/480x480-e243ddb0-c8ed-4d4b-936d-dbaef8440d28.jpg
phones	Korea, Rep. 4	660	480x480-56f33212-902f-4a9f-940b-2d7e49001bb1	https://static.dollarstreet.org/media/Korea, Rep. 4/image/56f33212-902f-4a9f-940b-2d7e49001bb1/480x480-56f33212-902f-4a9f-940b-2d7e49001bb1.jpg
phones	India 21	1125	480x480-e6e1b967-90ec-47ef-a642-8bd15ff947b6	https://static.dollarstreet.org/media/India 21/image/e6e1b967-90ec-47ef-a642-8bd15ff947b6/480x480-e6e1b967-90ec-47ef-a642-8bd15ff947b6.jpg
phones	India 8	80	480x480-8d72474a-3c02-449d-afb3-9697e4ad725c	https://static.dollarstreet.org/media/India 8/image/8d72474a-3c02-449d-afb3-9697e4ad725c/480x480-8d72474a-3c02-449d-afb3-9697e4ad725c.jpg
phones	Indonesia 13	308	480x480-0ac2a844-4d96-4286-8ae3-e764c92fb46d	https://static.dollarstreet.org/media/Indonesia 13/image/0ac2a844-4d96-4286-8ae3-e764c92fb46d/480x480-0ac2a844-4d96-4286-8ae3-e764c92fb46d.jpg
phones	Kazakhstan 1	851	480x480-772cb1fd-b618-489a-953f-183f82542b50	https://static.dollarstreet.org/media/Kazakhstan 1/image/772cb1fd-b618-489a-953f-183f82542b50/480x480-772cb1fd-b618-489a-953f-183f82542b50.jpg
phones	Cameroon 2	1116	480x480-ccd895dd-97cc-454e-a9fb-48a73e995da9	https://static.dollarstreet.org/media/Cameroon 2/image/ccd895dd-97cc-454e-a9fb-48a73e995da9/480x480-ccd895dd-97cc-454e-a9fb-48a73e995da9.jpg
phones	Ivory Coast 4	83	480x480-c2ec5091-85fc-4c26-8c7b-644d043171eb	https://static.dollarstreet.org/media/Ivory Coast 4/image/c2ec5091-85fc-4c26-8c7b-644d043171eb/480x480-c2ec5091-85fc-4c26-8c7b-644d043171eb.jpg
phones	Bangladesh 10	175	480x480-2d32e443-6974-44a9-b98f-6ca64caa25dc	https://static.dollarstreet.org/media/Bangladesh 10/image/2d32e443-6974-44a9-b98f-6ca64caa25dc/480x480-2d32e443-6974-44a9-b98f-6ca64caa25dc.jpg
phones	Philippines 11	865	480x480-584379ac-1bb7-4896-90f0-de65a5d5eda9	https://static.dollarstreet.org/media/Philippines 11/image/584379ac-1bb7-4896-90f0-de65a5d5eda9/480x480-584379ac-1bb7-4896-90f0-de65a5d5eda9.jpg
phones	Mexico 6	1099	480x480-b5a8bf4b-215f-4365-8e57-ca1f2819299f	https://static.dollarstreet.org/media/Mexico 6/image/b5a8bf4b-215f-4365-8e57-ca1f2819299f/480x480-b5a8bf4b-215f-4365-8e57-ca1f2819299f.jpg
phones	Bangladesh 7	85	480x480-b849f160-8944-400d-8755-e8152e216ae4	https://static.dollarstreet.org/media/Bangladesh 7/image/b849f160-8944-400d-8755-e8152e216ae4/480x480-b849f160-8944-400d-8755-e8152e216ae4.jpg
phones	Indonesia 12	316	480x480-0a3fd6bb-eb45-49b6-8da5-80daabc50df9	https://static.dollarstreet.org/media/Indonesia 12/image/0a3fd6bb-eb45-49b6-8da5-80daabc50df9/480x480-0a3fd6bb-eb45-49b6-8da5-80daabc50df9.jpg
phones	Myanmar 1	591	480x480-18039eeb-3a12-43d6-89db-02639389066d	https://static.dollarstreet.org/media/Myanmar 1/image/18039eeb-3a12-43d6-89db-02639389066d/480x480-18039eeb-3a12-43d6-89db-02639389066d.jpg
phones	Korea, Rep. 3	4531	480x480-598d0682-7a8a-4ea7-86bb-499253b288ff	https://static.dollarstreet.org/media/Korea, Rep. 3/image/598d0682-7a8a-4ea7-86bb-499253b288ff/480x480-598d0682-7a8a-4ea7-86bb-499253b288ff.jpg
phones	Samantha and Rex home	90	480x480-c98d985e-1c6a-4ed9-b511-7bd86f8b6595	https://static.dollarstreet.org/media/Samantha and Rex home/image/c98d985e-1c6a-4ed9-b511-7bd86f8b6595/480x480-c98d985e-1c6a-4ed9-b511-7bd86f8b6595.jpg
phones	Philippines 7	170	480x480-85cd80aa-f7b3-4810-be34-8f90beeaffcf	https://static.dollarstreet.org/media/Philippines 7/image/85cd80aa-f7b3-4810-be34-8f90beeaffcf/480x480-85cd80aa-f7b3-4810-be34-8f90beeaffcf.jpg
phones	China 1	578	480x480-f18b5fde-931a-4140-9649-671a78cb87f1	https://static.dollarstreet.org/media/China 1/image/f18b5fde-931a-4140-9649-671a78cb87f1/480x480-f18b5fde-931a-4140-9649-671a78cb87f1.jpg
phones	USA 5	4200	480x480-58cbcfbf-7eb2-4b43-945c-bddbc9049783	https://static.dollarstreet.org/media/USA 5/image/58cbcfbf-7eb2-4b43-945c-bddbc9049783/480x480-58cbcfbf-7eb2-4b43-945c-bddbc9049783.jpg
phones	Philippines 3	98	480x480-7e6f6b3b-caec-4618-b345-897509de459c	https://static.dollarstreet.org/media/Philippines 3/image/7e6f6b3b-caec-4618-b345-897509de459c/480x480-7e6f6b3b-caec-4618-b345-897509de459c.jpg
phones	Vietnam 4	383	480x480-be97bb5d-09e6-4c3f-a4e3-05b8c7856dd8	https://static.dollarstreet.org/media/Vietnam 4/image/be97bb5d-09e6-4c3f-a4e3-05b8c7856dd8/480x480-be97bb5d-09e6-4c3f-a4e3-05b8c7856dd8.jpg
phones	Indonesia 5	1017	480x480-7dfbdc7f-8efd-4416-a724-8be978f59cf7	https://static.dollarstreet.org/media/Indonesia 5/image/7dfbdc7f-8efd-4416-a724-8be978f59cf7/480x480-7dfbdc7f-8efd-4416-a724-8be978f59cf7.jpg
phones	Sweden 10	3384	480x480-16adaeaf-998f-4b97-88b1-996c9387e50d	https://static.dollarstreet.org/media/Sweden 10/image/16adaeaf-998f-4b97-88b1-996c9387e50d/480x480-16adaeaf-998f-4b97-88b1-996c9387e50d.jpg
phones	Haiti 6	106	480x480-bd29e61c-dec5-4371-b483-5bda23082071	https://static.dollarstreet.org/media/Haiti 6/image/bd29e61c-dec5-4371-b483-5bda23082071/480x480-bd29e61c-dec5-4371-b483-5bda23082071.jpg
phones	Philippines 13	169	480x480-fa8aa0bd-3456-4f27-940d-58b57a7821e5	https://static.dollarstreet.org/media/Philippines 13/image/fa8aa0bd-3456-4f27-940d-58b57a7821e5/480x480-fa8aa0bd-3456-4f27-940d-58b57a7821e5.jpg
phones	Korea, Rep. 6	1032	480x480-b27ad0de-f9ad-4db7-97b0-82a7d2a545b8	https://static.dollarstreet.org/media/Korea, Rep. 6/image/b27ad0de-f9ad-4db7-97b0-82a7d2a545b8/480x480-b27ad0de-f9ad-4db7-97b0-82a7d2a545b8.jpg
phones	China 22	2235	480x480-14cae815-a96e-4d4a-a6ba-1a2a30d6e09a	https://static.dollarstreet.org/media/China 22/image/14cae815-a96e-4d4a-a6ba-1a2a30d6e09a/480x480-14cae815-a96e-4d4a-a6ba-1a2a30d6e09a.jpg
phones	Tunisia 3	116	480x480-91147452-8698-49bf-84c2-6300889c0dbe	https://static.dollarstreet.org/media/Tunisia 3/image/91147452-8698-49bf-84c2-6300889c0dbe/480x480-91147452-8698-49bf-84c2-6300889c0dbe.jpg
phones	India 3	397	480x480-cfee8fc8-b844-46cf-baad-102f33fef801	https://static.dollarstreet.org/media/India 3/image/cfee8fc8-b844-46cf-baad-102f33fef801/480x480-cfee8fc8-b844-46cf-baad-102f33fef801.jpg
phones	China 5	494	480x480-fcf767d4-ca9f-40ed-892d-c6123af34ecc	https://static.dollarstreet.org/media/China 5/image/fcf767d4-ca9f-40ed-892d-c6123af34ecc/480x480-fcf767d4-ca9f-40ed-892d-c6123af34ecc.jpg
phones	France 3	2194	480x480-10113769-7bad-4912-9361-c0718dfedda1	https://static.dollarstreet.org/media/France 3/image/10113769-7bad-4912-9361-c0718dfedda1/480x480-10113769-7bad-4912-9361-c0718dfedda1.jpg
phones	Nepal 7	121	480x480-e62cbdee-84f3-437c-acc2-72ebd0bdbd48	https://static.dollarstreet.org/media/Nepal 7/image/e62cbdee-84f3-437c-acc2-72ebd0bdbd48/480x480-e62cbdee-84f3-437c-acc2-72ebd0bdbd48.jpg
phones	Indonesia 10	152	480x480-4bddec3f-9262-40da-b7ca-5319aa4c5a04	https://static.dollarstreet.org/media/Indonesia 10/image/4bddec3f-9262-40da-b7ca-5319aa4c5a04/480x480-4bddec3f-9262-40da-b7ca-5319aa4c5a04.jpg
phones	India 15	1050	480x480-1d474763-4a3e-45d3-b714-93ad41647780	https://static.dollarstreet.org/media/India 15/image/1d474763-4a3e-45d3-b714-93ad41647780/480x480-1d474763-4a3e-45d3-b714-93ad41647780.jpg
phones	USA 2	2041	480x480-4a20f9ba-4e83-4540-8379-ad42e734bafe	https://static.dollarstreet.org/media/USA 2/image/4a20f9ba-4e83-4540-8379-ad42e734bafe/480x480-4a20f9ba-4e83-4540-8379-ad42e734bafe.jpg
phones	Zimbabwe 1	42	480x480-a02fe3b6-1523-4e61-afd6-abe791515201	https://static.dollarstreet.org/media/Zimbabwe 1/image/a02fe3b6-1523-4e61-afd6-abe791515201/480x480-a02fe3b6-1523-4e61-afd6-abe791515201.jpg
phones	Mongolia 1	420	480x480-38495787-a694-443c-b0a4-6228bae40157	https://static.dollarstreet.org/media/Mongolia 1/image/38495787-a694-443c-b0a4-6228bae40157/480x480-38495787-a694-443c-b0a4-6228bae40157.jpg
phones	Philippines 10	1087	480x480-8faf357d-dbb2-48dd-b5d2-673062bb4cde	https://static.dollarstreet.org/media/Philippines 10/image/8faf357d-dbb2-48dd-b5d2-673062bb4cde/480x480-8faf357d-dbb2-48dd-b5d2-673062bb4cde.jpg
phones	China 20	1546	480x480-5347bea6-179d-443c-9fce-e20a14a22797	https://static.dollarstreet.org/media/China 20/image/5347bea6-179d-443c-9fce-e20a14a22797/480x480-5347bea6-179d-443c-9fce-e20a14a22797.jpg
phones	Philippines 6	86	480x480-40d4e100-3849-4000-a493-1a016b0113b9	https://static.dollarstreet.org/media/Philippines 6/image/40d4e100-3849-4000-a493-1a016b0113b9/480x480-40d4e100-3849-4000-a493-1a016b0113b9.jpg
phones	Nepal 1	146	480x480-c1b820dd-3f19-455e-8f73-bbdf7f9365eb	https://static.dollarstreet.org/media/Nepal 1/image/c1b820dd-3f19-455e-8f73-bbdf7f9365eb/480x480-c1b820dd-3f19-455e-8f73-bbdf7f9365eb.jpg
phones	Cambodia 6	463	480x480-382cd494-f861-4f8b-b8b3-d7af162cb347	https://static.dollarstreet.org/media/Cambodia 6/image/382cd494-f861-4f8b-b8b3-d7af162cb347/480x480-382cd494-f861-4f8b-b8b3-d7af162cb347.jpg
phones	Latvia 2	3379	480x480-b294b2a7-0aed-4773-bb6c-9a54756022f2	https://static.dollarstreet.org/media/Latvia 2/image/b294b2a7-0aed-4773-bb6c-9a54756022f2/480x480-b294b2a7-0aed-4773-bb6c-9a54756022f2.jpg
phones	Liberia 4	48	480x480-4f3a6343-21d6-4317-a2cc-fb04ee1a44bc	https://static.dollarstreet.org/media/Liberia 4/image/4f3a6343-21d6-4317-a2cc-fb04ee1a44bc/480x480-4f3a6343-21d6-4317-a2cc-fb04ee1a44bc.jpg
phones	Indonesia 6	459	480x480-13db1ece-4ea7-430a-9eb2-4c7ad482c7b0	https://static.dollarstreet.org/media/Indonesia 6/image/13db1ece-4ea7-430a-9eb2-4c7ad482c7b0/480x480-13db1ece-4ea7-430a-9eb2-4c7ad482c7b0.jpg
phones	India 5	797	480x480-f912b1ae-65a8-489c-afd8-e27d9ff86a3a	https://static.dollarstreet.org/media/India 5/image/f912b1ae-65a8-489c-afd8-e27d9ff86a3a/480x480-f912b1ae-65a8-489c-afd8-e27d9ff86a3a.jpg
phones	Mexico 4	1950	480x480-36889971-aa0a-4d62-9c44-c98bda7315b1	https://static.dollarstreet.org/media/Mexico 4/image/36889971-aa0a-4d62-9c44-c98bda7315b1/480x480-36889971-aa0a-4d62-9c44-c98bda7315b1.jpg
phones	Indonesia 9	131	480x480-99148b0c-b7ac-4aa3-a29a-27aceb3f434e	https://static.dollarstreet.org/media/Indonesia 9/image/99148b0c-b7ac-4aa3-a29a-27aceb3f434e/480x480-99148b0c-b7ac-4aa3-a29a-27aceb3f434e.jpg
phones	Nepal 2	288	480x480-9f9a6ebb-08d3-4bef-8cdd-afdb37bb1873	https://static.dollarstreet.org/media/Nepal 2/image/9f9a6ebb-08d3-4bef-8cdd-afdb37bb1873/480x480-9f9a6ebb-08d3-4bef-8cdd-afdb37bb1873.jpg
phones	Korea, Republic of	827	480x480-33790389-adde-42c0-93e9-cdd2a7e026d7	https://static.dollarstreet.org/media/Korea, Republic of/image/33790389-adde-42c0-93e9-cdd2a7e026d7/480x480-33790389-adde-42c0-93e9-cdd2a7e026d7.jpg
phones	Cambodia 3	1522	480x480-02b84091-8675-4d47-9d5f-a3e9d67fb592	https://static.dollarstreet.org/media/Cambodia 3/image/02b84091-8675-4d47-9d5f-a3e9d67fb592/480x480-02b84091-8675-4d47-9d5f-a3e9d67fb592.jpg
phones	Nigeria 4	72	480x480-d08964d2-7977-468b-84ba-547c49293c07	https://static.dollarstreet.org/media/Nigeria 4/image/d08964d2-7977-468b-84ba-547c49293c07/480x480-d08964d2-7977-468b-84ba-547c49293c07.jpg
phones	Cambodia 9	195	480x480-765262c7-b461-4748-8d09-103dd84dbb9b	https://static.dollarstreet.org/media/Cambodia 9/image/765262c7-b461-4748-8d09-103dd84dbb9b/480x480-765262c7-b461-4748-8d09-103dd84dbb9b.jpg
phones	Indonesia 8	565	480x480-d9ef985b-dacf-4b60-b6a7-b64accbad626	https://static.dollarstreet.org/media/Indonesia 8/image/d9ef985b-dacf-4b60-b6a7-b64accbad626/480x480-d9ef985b-dacf-4b60-b6a7-b64accbad626.jpg
phones	Ukraine 4	3363	480x480-2442f087-ee60-40ed-a2cf-27faa00b5e8d	https://static.dollarstreet.org/media/Ukraine 4/image/2442f087-ee60-40ed-a2cf-27faa00b5e8d/480x480-2442f087-ee60-40ed-a2cf-27faa00b5e8d.jpg
phones	Nepal 6	132	480x480-766f3dea-0918-4302-8572-1281abdca8e9	https://static.dollarstreet.org/media/Nepal 6/image/766f3dea-0918-4302-8572-1281abdca8e9/480x480-766f3dea-0918-4302-8572-1281abdca8e9.jpg
phones	Indonesia 3	284	480x480-be8c0f92-23a5-47e5-8b32-93722a884a11	https://static.dollarstreet.org/media/Indonesia 3/image/be8c0f92-23a5-47e5-8b32-93722a884a11/480x480-be8c0f92-23a5-47e5-8b32-93722a884a11.jpg
phones	India 4	466	480x480-c2f02bcf-e512-4519-aeab-5ec5fb42fdfd	https://static.dollarstreet.org/media/India 4/image/c2f02bcf-e512-4519-aeab-5ec5fb42fdfd/480x480-c2f02bcf-e512-4519-aeab-5ec5fb42fdfd.jpg
phones	China 24	1350	480x480-06f4c759-9ef0-4335-b8a2-90d91c8db5fb	https://static.dollarstreet.org/media/China 24/image/06f4c759-9ef0-4335-b8a2-90d91c8db5fb/480x480-06f4c759-9ef0-4335-b8a2-90d91c8db5fb.jpg
phones	India 16	135	480x480-bd622089-c465-4673-b199-d9f2673a8b16	https://static.dollarstreet.org/media/India 16/image/bd622089-c465-4673-b199-d9f2673a8b16/480x480-bd622089-c465-4673-b199-d9f2673a8b16.jpg
phones	Cambodia 2	307	480x480-093befe1-184a-4a47-bf69-3c7fd74c148a	https://static.dollarstreet.org/media/Cambodia 2/image/093befe1-184a-4a47-bf69-3c7fd74c148a/480x480-093befe1-184a-4a47-bf69-3c7fd74c148a.jpg
phones	Sweden 1	2074	480x480-7cc218ef-42c6-4253-8f81-e2a774a71e73	https://static.dollarstreet.org/media/Sweden 1/image/7cc218ef-42c6-4253-8f81-e2a774a71e73/480x480-7cc218ef-42c6-4253-8f81-e2a774a71e73.jpg
